{
	"class_name" : "PinholeCameraParameters",
	"extrinsic" : 
	[
		0.99555744480972264,
		-0.084272823969204741,
		-0.041993633138746697,
		0.0,
		0.036258300484310085,
		0.75473904157592775,
		-0.655022377302516,
		0.0,
		0.086894819925733752,
		0.65058978647171029,
		0.75444166110360633,
		0.0,
		-18.748683553379198,
		-52.118548868659467,
		91.562731455701083,
		1.0
	],
	"intrinsic" : 
	{
		"height" : 1131,
		"intrinsic_matrix" : 
		[
			979.47473168020019,
			0.0,
			0.0,
			0.0,
			979.47473168020019,
			0.0,
			959.5,
			565.0,
			1.0
		],
		"width" : 1920
	},
	"version_major" : 1,
	"version_minor" : 0
}