{
	"class_name" : "PinholeCameraParameters",
	"extrinsic" : 
	[
		0.0020145874458147544,
		0.0024359207022463933,
		-0.99999500385139717,
		0.0,
		0.96270956632225102,
		-0.27053401137235,
		0.0012804696047313316,
		0.0,
		-0.27052954062180834,
		-0.96270733610018655,
		-0.0028900985858316608,
		0.0,
		-114.26861686000359,
		525.68109698368676,
		-46.998342831114726,
		1.0
	],
	"intrinsic" : 
	{
		"height" : 981,
		"intrinsic_matrix" : 
		[
			849.57092111253439,
			0.0,
			0.0,
			0.0,
			849.57092111253439,
			0.0,
			478.5,
			490.0,
			1.0
		],
		"width" : 958
	},
	"version_major" : 1,
	"version_minor" : 0
}